{"thresholds": {"up": {"mean_voltage": 658.078125, "std_dev": 35.16415032437473, "threshold": 529.7498243512505}, "down": {"mean_voltage": 659.1459854014598, "std_dev": 35.554026792229436, "threshold": 706.2540389859187}, "left": {"mean_voltage": 629.2926829268292, "std_dev": 35.56784531607105, "threshold": 700.4283735589713}, "right": {"mean_voltage": 634.1627906976744, "std_dev": 34.99067890073988, "threshold": 564.1814328961946}, "blink": {"mean_voltage": 662.484375, "std_dev": 47.65950795054428, "threshold": 567.1653590989115}}, "peak_locations": {"up": "low", "down": "high", "left": "high", "right": "low", "blink": "lower"}}