{"thresholds": {"up": {"mean_voltage": 630.5373831775701, "std_dev": 481.3105433804139, "threshold": 700.158469938398}, "down": {"mean_voltage": 638.8684210526316, "std_dev": 23.93029488795005, "threshold": 591.0078312767315}, "left": {"mean_voltage": 659.7542372881356, "std_dev": 28.829680399716008, "threshold": 602.0948764887037}, "right": {"mean_voltage": 656.3387096774194, "std_dev": 38.78373764038538, "threshold": 733.9061849581901}, "blink": {"mean_voltage": 630.0153846153846, "std_dev": 47.522267592779734, "threshold": 725.059919800944}}, "peak_locations": {"up": "high", "down": "low", "left": "low", "right": "high", "blink": "higher"}}
